time,yvonne,christina,charles,jonathan
2013-04-27T17:46:19,0,0,0,0
2013-04-27T17:46:20,0,0,0,0
2013-04-27T17:46:21,0,0,0,0
2013-04-27T17:46:22,0,0,0,0
2013-04-27T17:46:23,0,0,0,0
2013-04-27T17:46:24,2,0,0,0
2013-04-27T17:46:25,3,2,0,0
2013-04-27T17:46:26,3,7,2,0
2013-04-27T17:46:27,3,6,2,0
2013-04-27T17:46:28,3,6,2,0
2013-04-27T17:46:29,4,6,2,0
2013-04-27T17:46:30,3,6,2,0
2013-04-27T17:46:31,3,6,0,0
2013-04-27T17:46:32,3,6,0,0
2013-04-27T17:46:33,3,6,2,0
2013-04-27T17:46:34,3,6,2,0
2013-04-27T17:46:35,0,6,2,0
2013-04-27T17:46:36,0,6,2,0
2013-04-27T17:46:37,0,6,2,0
2013-04-27T17:46:38,0,6,0,0
2013-04-27T17:46:39,0,6,0,0
2013-04-27T17:46:40,3,6,0,0
2013-04-27T17:46:41,3,6,2,0
2013-04-27T17:46:42,3,6,2,0
2013-04-27T17:46:43,3,6,2,0
2013-04-27T17:46:44,2,6,2,0
2013-04-27T17:46:45,3,4,2,2
2013-04-27T17:46:46,3,6,0,2
2013-04-27T17:46:47,3,4,2,2
2013-04-27T17:46:48,2,6,2,2
2013-04-27T17:46:49,4,6,2,2
2013-04-27T17:46:50,2,6,2,2
2013-04-27T17:46:51,2,4,2,2
2013-04-27T17:46:52,2,4,0,0
2013-04-27T17:46:53,2,4,2,0
2013-04-27T17:46:54,3,4,2,0
2013-04-27T17:46:55,3,4,2,2
2013-04-27T17:46:56,3,4,2,2
2013-04-27T17:46:57,3,7,2,2
2013-04-27T17:46:58,3,4,0,2
2013-04-27T17:46:59,2,4,2,2
2013-04-27T17:47:00,2,4,2,2
2013-04-27T17:47:01,2,4,2,2
2013-04-27T17:47:02,2,4,2,2
2013-04-27T17:47:03,0,4,2,2
2013-04-27T17:47:04,2,4,2,0
2013-04-27T17:47:05,3,4,2,0
2013-04-27T17:47:06,3,4,2,0
2013-04-27T17:47:07,3,4,2,0
2013-04-27T17:47:08,3,7,2,2
2013-04-27T17:47:09,4,7,2,2
2013-04-27T17:47:10,3,7,2,2
2013-04-27T17:47:11,3,7,2,2
2013-04-27T17:47:12,3,4,2,2
2013-04-27T17:47:13,3,4,2,2
2013-04-27T17:47:14,2,0,2,2
2013-04-27T17:47:15,4,0,2,2
2013-04-27T17:47:16,4,7,2,0
2013-04-27T17:47:17,4,7,2,0
2013-04-27T17:47:18,1,7,2,0
2013-04-27T17:47:19,4,7,2,0
2013-04-27T17:47:20,4,7,2,0
2013-04-27T17:47:21,4,0,2,0
2013-04-27T17:47:22,4,0,2,2
2013-04-27T17:47:23,4,0,2,2
2013-04-27T17:47:24,4,5,2,2
2013-04-27T17:47:25,4,5,2,2
2013-04-27T17:47:26,4,7,2,2
2013-04-27T17:47:27,4,7,2,2
2013-04-27T17:47:28,4,7,2,2
2013-04-27T17:47:29,4,4,2,2
2013-04-27T17:47:30,4,4,2,2
2013-04-27T17:47:31,4,4,2,2
2013-04-27T17:47:32,4,0,2,2
2013-04-27T17:47:33,3,0,2,0
2013-04-27T17:47:34,3,0,2,0
2013-04-27T17:47:35,3,2,2,2
2013-04-27T17:47:36,3,2,2,2
2013-04-27T17:47:37,2,2,2,7
2013-04-27T17:47:38,2,2,2,7
2013-04-27T17:47:39,2,2,2,7
2013-04-27T17:47:40,4,2,2,7
2013-04-27T17:47:41,4,2,2,7
2013-04-27T17:47:42,4,2,2,8
2013-04-27T17:47:43,3,0,2,7
2013-04-27T17:47:44,4,2,2,7
2013-04-27T17:47:45,3,2,2,7
2013-04-27T17:47:46,3,2,2,7
2013-04-27T17:47:47,3,1,2,8
2013-04-27T17:47:48,4,2,2,0
2013-04-27T17:47:49,4,2,2,2
2013-04-27T17:47:50,4,2,2,2
2013-04-27T17:47:51,4,2,2,2
2013-04-27T17:47:52,4,2,2,2
2013-04-27T17:47:53,4,2,2,2
2013-04-27T17:47:54,4,2,2,2
2013-04-27T17:47:55,4,2,2,2
2013-04-27T17:47:56,4,2,2,2
2013-04-27T17:47:57,4,2,2,0
2013-04-27T17:47:58,4,2,2,0
2013-04-27T17:47:59,4,2,2,0
2013-04-27T17:48:00,4,2,2,2
2013-04-27T17:48:01,4,2,2,2
2013-04-27T17:48:02,4,2,2,2
2013-04-27T17:48:03,4,2,2,2
2013-04-27T17:48:04,4,2,2,2
2013-04-27T17:48:05,4,2,2,2
2013-04-27T17:48:06,4,2,2,2
2013-04-27T17:48:07,4,2,2,0
2013-04-27T17:48:08,3,2,2,0
2013-04-27T17:48:09,1,2,2,0
2013-04-27T17:48:10,3,2,2,0
2013-04-27T17:48:11,3,2,2,0
2013-04-27T17:48:12,4,2,2,0
2013-04-27T17:48:13,4,1,2,0
2013-04-27T17:48:14,2,1,2,0
2013-04-27T17:48:15,2,7,2,0
2013-04-27T17:48:16,2,7,2,0
2013-04-27T17:48:17,4,7,2,0
2013-04-27T17:48:18,4,7,2,0
2013-04-27T17:48:19,3,4,2,0
2013-04-27T17:48:20,4,4,2,0
2013-04-27T17:48:21,4,2,2,0
2013-04-27T17:48:22,2,2,2,0
2013-04-27T17:48:23,2,2,2,0
2013-04-27T17:48:24,2,2,2,0
2013-04-27T17:48:25,2,2,2,0
2013-04-27T17:48:26,2,2,2,0
2013-04-27T17:48:27,2,2,2,0
2013-04-27T17:48:28,2,2,2,0
2013-04-27T17:48:29,2,2,2,0
2013-04-27T17:48:30,2,2,2,2
2013-04-27T17:48:31,2,2,2,2
2013-04-27T17:48:32,1,2,1,2
2013-04-27T17:48:33,1,2,1,2
2013-04-27T17:48:34,2,2,1,2
2013-04-27T17:48:35,2,2,1,2
2013-04-27T17:48:36,1,1,1,2
2013-04-27T17:48:37,2,1,2,0
2013-04-27T17:48:38,1,1,2,0
2013-04-27T17:48:39,2,2,2,0
2013-04-27T17:48:40,1,2,2,0
2013-04-27T17:48:41,1,2,2,0
2013-04-27T17:48:42,1,2,2,0
2013-04-27T17:48:43,1,2,2,0
2013-04-27T17:48:44,2,2,2,0
2013-04-27T17:48:45,2,2,2,0
2013-04-27T17:48:46,1,2,2,0
2013-04-27T17:48:47,2,2,2,0
2013-04-27T17:48:48,1,2,2,0
2013-04-27T17:48:49,1,2,2,2
2013-04-27T17:48:50,1,2,2,2
2013-04-27T17:48:51,1,2,2,2
2013-04-27T17:48:52,1,2,2,2
2013-04-27T17:48:53,1,2,2,2
2013-04-27T17:48:54,1,2,2,2
2013-04-27T17:48:55,1,2,2,2
2013-04-27T17:48:56,2,2,2,2
2013-04-27T17:48:57,2,2,2,2
2013-04-27T17:48:58,2,2,2,2
2013-04-27T17:48:59,1,2,2,2
2013-04-27T17:49:00,1,2,2,2
2013-04-27T17:49:01,1,2,2,2
2013-04-27T17:49:02,1,2,2,2
2013-04-27T17:49:03,1,2,2,2
2013-04-27T17:49:04,1,2,2,2
2013-04-27T17:49:05,1,2,2,2
2013-04-27T17:49:06,1,2,2,2
2013-04-27T17:49:07,1,2,2,2
2013-04-27T17:49:08,1,2,2,2
2013-04-27T17:49:09,1,2,2,2
2013-04-27T17:49:10,1,2,2,2
2013-04-27T17:49:11,1,2,2,2
2013-04-27T17:49:12,1,2,2,2
2013-04-27T17:49:13,1,2,2,2
2013-04-27T17:49:14,1,2,2,2
2013-04-27T17:49:15,2,2,2,2
2013-04-27T17:49:16,2,2,2,2
2013-04-27T17:49:17,2,2,1,2
2013-04-27T17:49:18,2,2,1,2
2013-04-27T17:49:19,2,2,8,2
2013-04-27T17:49:20,2,2,8,2
2013-04-27T17:49:21,2,2,8,2
2013-04-27T17:49:22,2,2,8,2
2013-04-27T17:49:23,2,2,8,2
2013-04-27T17:49:24,2,2,8,2
2013-04-27T17:49:25,2,2,8,2
2013-04-27T17:49:26,2,2,8,2
2013-04-27T17:49:27,2,2,8,2
2013-04-27T17:49:28,2,2,8,2
2013-04-27T17:49:29,2,2,8,2
2013-04-27T17:49:30,2,2,8,2
2013-04-27T17:49:31,2,2,8,2
2013-04-27T17:49:32,2,2,8,2
2013-04-27T17:49:33,1,2,8,2
2013-04-27T17:49:34,1,2,8,2
2013-04-27T17:49:35,1,2,8,2
2013-04-27T17:49:36,1,2,8,2
2013-04-27T17:49:37,1,2,8,2
2013-04-27T17:49:38,1,2,8,2
2013-04-27T17:49:39,1,2,8,2
2013-04-27T17:49:40,1,2,8,2
2013-04-27T17:49:41,1,2,8,2
2013-04-27T17:49:42,1,2,8,2
2013-04-27T17:49:43,1,2,8,2
2013-04-27T17:49:44,1,2,8,2
2013-04-27T17:49:45,1,1,8,2
2013-04-27T17:49:46,1,1,8,2
2013-04-27T17:49:47,1,1,8,2
2013-04-27T17:49:48,1,1,8,2
2013-04-27T17:49:49,1,1,8,1
2013-04-27T17:49:50,1,1,8,2
2013-04-27T17:49:51,1,1,8,2
2013-04-27T17:49:52,1,1,8,2
2013-04-27T17:49:53,1,2,8,2
2013-04-27T17:49:54,1,1,8,2
2013-04-27T17:49:55,1,1,8,2
2013-04-27T17:49:56,1,1,8,2
2013-04-27T17:49:57,1,1,8,2
2013-04-27T17:49:58,1,1,8,2
2013-04-27T17:49:59,1,1,8,2
2013-04-27T17:50:00,1,1,8,2
2013-04-27T17:50:01,1,1,8,2
2013-04-27T17:50:02,1,1,8,2
2013-04-27T17:50:03,1,1,8,2
2013-04-27T17:50:04,1,1,8,2
2013-04-27T17:50:05,1,1,4,2
2013-04-27T17:50:06,1,1,4,2
2013-04-27T17:50:07,1,1,4,2
2013-04-27T17:50:08,1,1,4,2
2013-04-27T17:50:09,1,1,4,2
2013-04-27T17:50:10,1,1,4,2
2013-04-27T17:50:11,1,1,4,2
2013-04-27T17:50:12,1,1,6,2
2013-04-27T17:50:13,1,1,6,1
2013-04-27T17:50:14,1,2,6,1
2013-04-27T17:50:15,1,2,6,7
2013-04-27T17:50:16,1,2,6,7
2013-04-27T17:50:17,1,0,6,7
2013-04-27T17:50:18,1,0,6,7
2013-04-27T17:50:19,1,0,6,7
2013-04-27T17:50:20,1,0,6,7
2013-04-27T17:50:21,1,0,6,4
2013-04-27T17:50:22,1,0,4,4
2013-04-27T17:50:23,1,0,4,4
2013-04-27T17:50:24,1,0,4,6
2013-04-27T17:50:25,1,0,4,6
2013-04-27T17:50:26,1,0,4,6
2013-04-27T17:50:27,1,0,4,6
2013-04-27T17:50:28,1,0,0,6
2013-04-27T17:50:29,1,0,0,6
2013-04-27T17:50:30,1,0,0,6
2013-04-27T17:50:31,1,0,0,6
2013-04-27T17:50:32,1,0,0,6
2013-04-27T17:50:33,1,0,0,6
2013-04-27T17:50:34,1,0,0,6
2013-04-27T17:50:35,1,0,0,6
2013-04-27T17:50:36,1,0,0,6
2013-04-27T17:50:37,1,0,0,6
2013-04-27T17:50:38,2,0,0,6
2013-04-27T17:50:39,2,0,0,6
2013-04-27T17:50:40,2,0,0,6
2013-04-27T17:50:41,2,0,0,6
2013-04-27T17:50:42,2,0,0,6
2013-04-27T17:50:43,2,0,0,6
2013-04-27T17:50:44,2,0,0,6
2013-04-27T17:50:45,2,0,0,6
2013-04-27T17:50:46,2,0,0,6
2013-04-27T17:50:47,2,0,0,6
2013-04-27T17:50:48,2,0,8,6
2013-04-27T17:50:49,2,0,8,6
2013-04-27T17:50:50,2,0,7,6
2013-04-27T17:50:51,2,0,7,6
2013-04-27T17:50:52,2,0,6,6
2013-04-27T17:50:53,2,0,6,6
2013-04-27T17:50:54,2,0,6,6
2013-04-27T17:50:55,2,0,6,6
2013-04-27T17:50:56,2,0,6,6
2013-04-27T17:50:57,2,0,6,6
2013-04-27T17:50:58,2,7,6,6
2013-04-27T17:50:59,2,4,6,6
2013-04-27T17:51:00,2,4,6,6
2013-04-27T17:51:01,2,4,6,6
2013-04-27T17:51:02,2,4,6,6
2013-04-27T17:51:03,0,3,6,6
2013-04-27T17:51:04,0,0,6,6
2013-04-27T17:51:05,0,0,6,6
2013-04-27T17:51:06,0,0,6,6
2013-04-27T17:51:07,0,0,4,6
2013-04-27T17:51:08,0,0,4,6
2013-04-27T17:51:09,0,0,4,6
2013-04-27T17:51:10,0,0,6,6
2013-04-27T17:51:11,0,0,6,6
2013-04-27T17:51:12,0,0,6,6
2013-04-27T17:51:13,0,0,6,6
2013-04-27T17:51:14,2,0,6,6
2013-04-27T17:51:15,2,0,6,6
2013-04-27T17:51:16,2,0,4,6
2013-04-27T17:51:17,2,0,4,6
2013-04-27T17:51:18,2,0,8,6
2013-04-27T17:51:19,0,0,4,6
2013-04-27T17:51:20,0,0,4,6
2013-04-27T17:51:21,0,0,4,6
2013-04-27T17:51:22,2,0,6,6
2013-04-27T17:51:23,0,0,6,6
2013-04-27T17:51:24,0,0,4,6
2013-04-27T17:51:25,0,0,6,6
2013-04-27T17:51:26,0,0,4,6
2013-04-27T17:51:27,2,0,6,6
2013-04-27T17:51:28,2,0,6,6
2013-04-27T17:51:29,2,0,6,6
2013-04-27T17:51:30,2,2,6,6
2013-04-27T17:51:31,2,2,6,6
2013-04-27T17:51:32,2,6,6,6
2013-04-27T17:51:33,0,6,6,6
2013-04-27T17:51:34,0,6,7,6
2013-04-27T17:51:35,4,6,6,6
2013-04-27T17:51:36,4,6,6,6
2013-04-27T17:51:37,4,6,6,6
2013-04-27T17:51:38,4,4,6,6
2013-04-27T17:51:39,4,4,8,6
2013-04-27T17:51:40,4,4,8,6
2013-04-27T17:51:41,4,7,7,6
2013-04-27T17:51:42,4,7,6,6
2013-04-27T17:51:43,4,4,6,6
2013-04-27T17:51:44,2,4,6,6
2013-04-27T17:51:45,4,4,6,6
2013-04-27T17:51:46,4,4,6,6
2013-04-27T17:51:47,4,3,6,6
2013-04-27T17:51:48,4,0,4,6
2013-04-27T17:51:49,4,4,4,6
2013-04-27T17:51:50,4,4,6,6
2013-04-27T17:51:51,4,4,4,6
2013-04-27T17:51:52,4,4,4,6
2013-04-27T17:51:53,4,4,4,6
2013-04-27T17:51:54,4,6,4,6
2013-04-27T17:51:55,4,4,4,6
2013-04-27T17:51:56,4,4,6,6
2013-04-27T17:51:57,4,4,6,6
2013-04-27T17:51:58,4,4,6,6
2013-04-27T17:51:59,4,4,6,6
2013-04-27T17:52:00,4,4,4,6
2013-04-27T17:52:01,4,4,4,6
2013-04-27T17:52:02,4,4,4,6
2013-04-27T17:52:03,4,4,4,6
2013-04-27T17:52:04,4,4,4,6
2013-04-27T17:52:05,4,3,4,6
2013-04-27T17:52:06,4,0,4,6
2013-04-27T17:52:07,3,4,4,6
2013-04-27T17:52:08,3,4,4,6
2013-04-27T17:52:09,3,3,4,6
2013-04-27T17:52:10,3,3,4,6
2013-04-27T17:52:11,4,3,4,6
2013-04-27T17:52:12,4,3,6,6
2013-04-27T17:52:13,4,3,6,6
2013-04-27T17:52:14,4,3,6,6
2013-04-27T17:52:15,4,3,7,6
2013-04-27T17:52:16,4,3,4,6
2013-04-27T17:52:17,4,3,8,6
2013-04-27T17:52:18,4,3,8,6
2013-04-27T17:52:19,4,3,4,6
2013-04-27T17:52:20,4,3,4,6
2013-04-27T17:52:21,4,3,4,6
2013-04-27T17:52:22,4,3,4,6
2013-04-27T17:52:23,4,3,4,6
2013-04-27T17:52:24,4,3,4,6
2013-04-27T17:52:25,4,3,4,6
2013-04-27T17:52:26,4,3,4,6
2013-04-27T17:52:27,4,3,6,6
2013-04-27T17:52:28,3,3,4,6
2013-04-27T17:52:29,4,3,4,6
2013-04-27T17:52:30,4,3,4,6
2013-04-27T17:52:31,3,3,4,6
2013-04-27T17:52:32,3,3,4,6
2013-04-27T17:52:33,3,2,4,6
2013-04-27T17:52:34,3,2,4,6
2013-04-27T17:52:35,3,2,4,6
2013-04-27T17:52:36,3,3,4,6
2013-04-27T17:52:37,3,3,4,6
2013-04-27T17:52:38,3,3,4,6
2013-04-27T17:52:39,4,3,4,6
2013-04-27T17:52:40,4,3,4,6
2013-04-27T17:52:41,4,3,8,6
2013-04-27T17:52:42,4,2,8,6
2013-04-27T17:52:43,4,2,8,6
2013-04-27T17:52:44,4,2,8,6
2013-04-27T17:52:45,4,2,8,6
2013-04-27T17:52:46,4,2,8,6
2013-04-27T17:52:47,4,3,8,4
2013-04-27T17:52:48,4,3,8,6
2013-04-27T17:52:49,4,3,8,6
2013-04-27T17:52:50,4,3,8,6
2013-04-27T17:52:51,4,3,8,6
2013-04-27T17:52:52,4,2,8,6
2013-04-27T17:52:53,4,3,8,6
2013-04-27T17:52:54,3,3,8,6
2013-04-27T17:52:55,4,3,8,7
2013-04-27T17:52:56,4,3,8,7
2013-04-27T17:52:57,4,3,8,7
2013-04-27T17:52:58,3,3,8,7
2013-04-27T17:52:59,3,3,8,7
2013-04-27T17:53:00,3,2,8,7
2013-04-27T17:53:01,3,0,8,7
2013-04-27T17:53:02,3,0,8,7
2013-04-27T17:53:03,3,3,8,7
2013-04-27T17:53:04,3,4,7,7
2013-04-27T17:53:05,3,4,7,2
2013-04-27T17:53:06,4,4,8,2
2013-04-27T17:53:07,4,4,8,2
2013-04-27T17:53:08,4,4,8,2
2013-04-27T17:53:09,4,3,8,2
2013-04-27T17:53:10,4,3,8,2
2013-04-27T17:53:11,3,3,8,2
2013-04-27T17:53:12,3,2,8,2
2013-04-27T17:53:13,3,0,8,2
2013-04-27T17:53:14,4,3,8,2
2013-04-27T17:53:15,4,3,8,2
2013-04-27T17:53:16,4,3,8,2
2013-04-27T17:53:17,7,3,8,2
2013-04-27T17:53:18,4,3,8,2
2013-04-27T17:53:19,4,3,8,2
2013-04-27T17:53:20,4,3,3,2
2013-04-27T17:53:21,4,3,3,2
2013-04-27T17:53:22,3,3,3,2
2013-04-27T17:53:23,0,3,3,2
2013-04-27T17:53:24,0,3,3,2
2013-04-27T17:53:25,0,3,3,2
2013-04-27T17:53:26,3,2,3,2
2013-04-27T17:53:27,3,2,3,2
2013-04-27T17:53:28,3,2,3,2
2013-04-27T17:53:29,3,2,2,2
2013-04-27T17:53:30,3,2,2,2
2013-04-27T17:53:31,3,2,1,2
2013-04-27T17:53:32,3,3,3,2
2013-04-27T17:53:33,3,3,3,2
2013-04-27T17:53:34,4,3,3,2
2013-04-27T17:53:35,4,3,3,2
2013-04-27T17:53:36,4,3,3,2
2013-04-27T17:53:37,4,3,3,4
2013-04-27T17:53:38,4,3,3,3
2013-04-27T17:53:39,3,3,3,3
2013-04-27T17:53:40,2,3,3,3
2013-04-27T17:53:41,2,3,2,3
2013-04-27T17:53:42,2,3,2,3
2013-04-27T17:53:43,2,3,2,3
2013-04-27T17:53:44,2,3,2,3
2013-04-27T17:53:45,2,3,2,4
2013-04-27T17:53:46,2,3,2,4
2013-04-27T17:53:47,2,3,3,4
2013-04-27T17:53:48,2,0,3,4
2013-04-27T17:53:49,2,2,3,4
2013-04-27T17:53:50,2,3,3,1
2013-04-27T17:53:51,2,3,3,4
2013-04-27T17:53:52,2,3,2,4
2013-04-27T17:53:53,2,3,3,4
2013-04-27T17:53:54,2,3,3,4
2013-04-27T17:53:55,2,3,3,4
2013-04-27T17:53:56,2,3,3,3
2013-04-27T17:53:57,2,3,3,3
2013-04-27T17:53:58,2,3,3,4
2013-04-27T17:53:59,2,2,3,4
2013-04-27T17:54:00,2,4,3,4
2013-04-27T17:54:01,2,4,3,4
2013-04-27T17:54:02,2,4,3,4
2013-04-27T17:54:03,2,4,3,4
2013-04-27T17:54:04,2,6,3,4
2013-04-27T17:54:05,2,6,3,4
2013-04-27T17:54:06,2,6,3,4
2013-04-27T17:54:07,2,6,3,4
2013-04-27T17:54:08,2,6,3,4
2013-04-27T17:54:09,2,6,3,4
2013-04-27T17:54:10,2,6,3,4
2013-04-27T17:54:11,2,6,3,4
2013-04-27T17:54:12,2,6,3,4
2013-04-27T17:54:13,2,6,3,4
2013-04-27T17:54:14,2,6,3,4
2013-04-27T17:54:15,2,6,3,2
2013-04-27T17:54:16,2,6,3,2
2013-04-27T17:54:17,0,6,3,2
2013-04-27T17:54:18,0,6,3,2
2013-04-27T17:54:19,2,6,3,2
2013-04-27T17:54:20,2,5,3,2
2013-04-27T17:54:21,2,7,3,7
2013-04-27T17:54:22,2,7,3,7
2013-04-27T17:54:23,2,0,3,0
2013-04-27T17:54:24,0,0,3,2
2013-04-27T17:54:25,2,2,3,2
2013-04-27T17:54:26,2,2,3,2
2013-04-27T17:54:27,2,2,3,2
2013-04-27T17:54:28,2,2,3,2
2013-04-27T17:54:29,2,0,3,2
2013-04-27T17:54:30,2,0,3,2
2013-04-27T17:54:31,0,2,3,2
2013-04-27T17:54:32,0,2,3,2
2013-04-27T17:54:33,0,2,3,2
2013-04-27T17:54:34,2,2,3,2
2013-04-27T17:54:35,2,2,3,2
2013-04-27T17:54:36,2,2,1,2
2013-04-27T17:54:37,2,2,1,2
2013-04-27T17:54:38,2,2,1,2
2013-04-27T17:54:39,0,2,1,2
2013-04-27T17:54:40,0,2,1,2
2013-04-27T17:54:41,0,2,1,2
2013-04-27T17:54:42,2,0,1,2
2013-04-27T17:54:43,2,4,1,2
2013-04-27T17:54:44,2,4,1,2
2013-04-27T17:54:45,2,4,1,3
2013-04-27T17:54:46,2,4,1,3
2013-04-27T17:54:47,0,4,1,3
2013-04-27T17:54:48,0,4,3,3
2013-04-27T17:54:49,0,4,3,3
2013-04-27T17:54:50,2,4,3,2
2013-04-27T17:54:51,2,4,3,2
2013-04-27T17:54:52,2,4,4,2
2013-04-27T17:54:53,2,4,7,0
2013-04-27T17:54:54,2,4,7,0
2013-04-27T17:54:55,2,3,7,4
2013-04-27T17:54:56,0,2,6,4
2013-04-27T17:54:57,0,2,6,4
2013-04-27T17:54:58,2,7,4,4
2013-04-27T17:54:59,2,4,4,4
2013-04-27T17:55:00,2,7,4,4
2013-04-27T17:55:01,2,6,4,5
2013-04-27T17:55:02,2,4,2,5
2013-04-27T17:55:03,0,7,2,5
2013-04-27T17:55:04,2,7,2,5
2013-04-27T17:55:05,2,4,2,5
2013-04-27T17:55:06,2,4,2,5
2013-04-27T17:55:07,2,0,2,0
2013-04-27T17:55:08,2,0,2,0
2013-04-27T17:55:09,2,0,2,0
2013-04-27T17:55:10,2,7,3,0
2013-04-27T17:55:11,3,6,3,0
2013-04-27T17:55:12,3,6,3,0
2013-04-27T17:55:13,3,6,3,0
2013-04-27T17:55:14,3,6,3,0
2013-04-27T17:55:15,2,7,1,0
2013-04-27T17:55:16,0,7,1,0
2013-04-27T17:55:17,0,7,1,0
2013-04-27T17:55:18,2,7,1,0
2013-04-27T17:55:19,2,7,2,5
2013-04-27T17:55:20,2,7,2,5
2013-04-27T17:55:21,2,0,1,5
2013-04-27T17:55:22,2,7,1,5
2013-04-27T17:55:23,2,7,1,5
2013-04-27T17:55:24,0,4,1,5
2013-04-27T17:55:25,0,4,1,5
2013-04-27T17:55:26,0,4,1,5
2013-04-27T17:55:27,0,4,1,5
2013-04-27T17:55:28,0,4,1,5
2013-04-27T17:55:29,0,0,1,7
2013-04-27T17:55:30,0,4,1,6
2013-04-27T17:55:31,0,4,1,6
2013-04-27T17:55:32,0,4,3,6
2013-04-27T17:55:33,0,4,1,4
2013-04-27T17:55:34,0,4,1,4
2013-04-27T17:55:35,7,0,3,4
2013-04-27T17:55:36,7,0,3,4
2013-04-27T17:55:37,0,0,3,6
2013-04-27T17:55:38,0,0,3,6
2013-04-27T17:55:39,0,0,3,6
2013-04-27T17:55:40,2,0,3,6
2013-04-27T17:55:41,2,0,4,6
2013-04-27T17:55:42,2,0,4,6
2013-04-27T17:55:43,1,0,3,4
2013-04-27T17:55:44,1,0,1,4
2013-04-27T17:55:45,1,0,1,4
2013-04-27T17:55:46,2,0,1,4
2013-04-27T17:55:47,2,0,2,7
2013-04-27T17:55:48,2,0,2,5
2013-04-27T17:55:49,2,0,2,2
2013-04-27T17:55:50,2,0,2,2
2013-04-27T17:55:51,0,2,2,2
2013-04-27T17:55:52,0,2,2,2
2013-04-27T17:55:53,0,2,2,2
2013-04-27T17:55:54,0,2,2,2
2013-04-27T17:55:55,0,2,2,0
2013-04-27T17:55:56,2,2,2,0
2013-04-27T17:55:57,2,2,2,0
2013-04-27T17:55:58,2,2,2,7
2013-04-27T17:55:59,2,2,2,2
2013-04-27T17:56:00,2,0,2,0
2013-04-27T17:56:01,2,0,2,6
2013-04-27T17:56:02,2,2,2,6
2013-04-27T17:56:03,2,4,2,4
2013-04-27T17:56:04,2,4,1,4
2013-04-27T17:56:05,2,4,1,4
2013-04-27T17:56:06,2,4,1,4
2013-04-27T17:56:07,2,6,1,4
2013-04-27T17:56:08,2,6,1,4
2013-04-27T17:56:09,2,6,2,4
2013-04-27T17:56:10,2,4,2,4
2013-04-27T17:56:11,2,4,0,0
2013-04-27T17:56:12,0,4,0,0
2013-04-27T17:56:13,2,4,7,2
2013-04-27T17:56:14,2,4,7,2
2013-04-27T17:56:15,2,4,7,2
2013-04-27T17:56:16,2,4,5,2
2013-04-27T17:56:17,0,4,5,2
2013-04-27T17:56:18,0,4,7,2
2013-04-27T17:56:19,0,4,6,2
2013-04-27T17:56:20,0,4,6,0
2013-04-27T17:56:21,0,1,7,0
2013-04-27T17:56:22,0,1,7,2
2013-04-27T17:56:23,0,1,7,2
2013-04-27T17:56:24,0,1,7,2
2013-04-27T17:56:25,0,1,6,2
2013-04-27T17:56:26,0,1,6,2
2013-04-27T17:56:27,0,1,8,2
2013-04-27T17:56:28,0,1,7,2
2013-04-27T17:56:29,0,1,7,2
2013-04-27T17:56:30,0,1,7,2
2013-04-27T17:56:31,0,1,7,2
2013-04-27T17:56:32,0,1,7,2
2013-04-27T17:56:33,0,1,7,1
2013-04-27T17:56:34,0,1,7,1
2013-04-27T17:56:35,0,1,7,1
2013-04-27T17:56:36,0,1,7,1
2013-04-27T17:56:37,0,1,7,1
2013-04-27T17:56:38,2,1,7,1
2013-04-27T17:56:39,2,2,5,1
2013-04-27T17:56:40,2,2,5,2
2013-04-27T17:56:41,2,2,5,2
2013-04-27T17:56:42,2,2,5,2
2013-04-27T17:56:43,0,2,5,1
2013-04-27T17:56:44,0,2,5,1
2013-04-27T17:56:45,0,2,5,1
2013-04-27T17:56:46,0,2,5,1
2013-04-27T17:56:47,0,2,5,1
2013-04-27T17:56:48,0,2,5,0
2013-04-27T17:56:49,0,2,5,2
2013-04-27T17:56:50,0,2,5,1
2013-04-27T17:56:51,0,2,5,1
2013-04-27T17:56:52,0,2,5,5
2013-04-27T17:56:53,0,0,5,5
2013-04-27T17:56:54,0,0,5,5
2013-04-27T17:56:55,0,2,5,5
2013-04-27T17:56:56,0,2,5,5
2013-04-27T17:56:57,0,1,5,5
2013-04-27T17:56:58,0,2,5,5
2013-04-27T17:56:59,0,1,5,7
2013-04-27T17:57:00,0,2,5,7
2013-04-27T17:57:01,0,2,5,7
2013-04-27T17:57:02,0,2,5,7
2013-04-27T17:57:03,0,2,5,7
2013-04-27T17:57:04,0,2,5,7
2013-04-27T17:57:05,0,2,5,6
2013-04-27T17:57:06,0,2,5,6
2013-04-27T17:57:07,0,2,5,6
2013-04-27T17:57:08,0,2,5,4
2013-04-27T17:57:09,0,2,0,4
2013-04-27T17:57:10,0,2,2,6
2013-04-27T17:57:11,0,2,2,4
2013-04-27T17:57:12,0,2,2,4
2013-04-27T17:57:13,0,2,0,4
2013-04-27T17:57:14,0,2,0,4
2013-04-27T17:57:15,0,2,0,2
2013-04-27T17:57:16,0,2,0,2
2013-04-27T17:57:17,0,2,0,2
2013-04-27T17:57:18,0,2,0,2
2013-04-27T17:57:19,0,2,2,2
2013-04-27T17:57:20,0,2,2,2
2013-04-27T17:57:21,0,2,2,2
2013-04-27T17:57:22,0,2,2,2
2013-04-27T17:57:23,0,2,2,2
2013-04-27T17:57:24,0,2,2,2
2013-04-27T17:57:25,0,2,2,2
2013-04-27T17:57:26,0,0,2,2
2013-04-27T17:57:27,0,0,2,2
2013-04-27T17:57:28,0,0,2,2
2013-04-27T17:57:29,0,0,2,2
2013-04-27T17:57:30,0,2,2,2
2013-04-27T17:57:31,0,2,2,2
2013-04-27T17:57:32,0,2,2,2
2013-04-27T17:57:33,0,2,2,2
2013-04-27T17:57:34,0,2,2,2
2013-04-27T17:57:35,0,2,2,2
2013-04-27T17:57:36,0,2,2,2
2013-04-27T17:57:37,0,2,2,2
2013-04-27T17:57:38,0,2,2,2
2013-04-27T17:57:39,0,2,2,2
2013-04-27T17:57:40,0,2,2,2
2013-04-27T17:57:41,0,2,2,2
2013-04-27T17:57:42,0,2,2,2
2013-04-27T17:57:43,0,2,2,2
2013-04-27T17:57:44,0,2,1,2
2013-04-27T17:57:45,0,2,1,1
2013-04-27T17:57:46,0,2,1,2
2013-04-27T17:57:47,0,2,1,2
2013-04-27T17:57:48,0,2,1,2
2013-04-27T17:57:49,0,2,1,2
2013-04-27T17:57:50,0,0,1,2
2013-04-27T17:57:51,0,0,1,2
2013-04-27T17:57:52,0,0,1,2
2013-04-27T17:57:53,0,2,1,2
2013-04-27T17:57:54,0,2,1,2
2013-04-27T17:57:55,0,2,1,2
2013-04-27T17:57:56,0,2,1,2
2013-04-27T17:57:57,0,2,1,2
2013-04-27T17:57:58,0,2,1,2
2013-04-27T17:57:59,0,0,1,2
2013-04-27T17:58:00,0,0,1,2
2013-04-27T17:58:01,0,0,1,2
2013-04-27T17:58:02,0,0,1,2
2013-04-27T17:58:03,0,0,1,2
2013-04-27T17:58:04,0,0,1,2
2013-04-27T17:58:05,0,2,1,2
2013-04-27T17:58:06,0,2,1,2
2013-04-27T17:58:07,0,2,1,2
2013-04-27T17:58:08,0,2,1,2
2013-04-27T17:58:09,2,1,1,2
2013-04-27T17:58:10,2,1,1,2
2013-04-27T17:58:11,2,1,1,2
2013-04-27T17:58:12,1,2,1,2
2013-04-27T17:58:13,1,2,1,2
2013-04-27T17:58:14,1,2,2,2
2013-04-27T17:58:15,1,2,2,2
2013-04-27T17:58:16,1,2,0,2
2013-04-27T17:58:17,1,2,0,2
2013-04-27T17:58:18,1,2,0,2
2013-04-27T17:58:19,1,2,0,2
2013-04-27T17:58:20,1,2,0,2
2013-04-27T17:58:21,1,2,0,2
2013-04-27T17:58:22,1,2,0,2
2013-04-27T17:58:23,1,2,0,2
2013-04-27T17:58:24,1,2,0,2
2013-04-27T17:58:25,1,2,0,2
2013-04-27T17:58:26,1,2,0,2
2013-04-27T17:58:27,1,2,0,2
2013-04-27T17:58:28,1,2,0,2
2013-04-27T17:58:29,1,2,0,2
2013-04-27T17:58:30,1,2,0,2
2013-04-27T17:58:31,1,0,0,2
2013-04-27T17:58:32,1,0,0,2
2013-04-27T17:58:33,1,0,0,2
2013-04-27T17:58:34,1,0,0,2
2013-04-27T17:58:35,1,0,0,2
2013-04-27T17:58:36,1,0,0,2
2013-04-27T17:58:37,1,0,0,2
2013-04-27T17:58:38,1,0,0,2
2013-04-27T17:58:39,1,0,0,0
2013-04-27T17:58:40,1,0,2,0
2013-04-27T17:58:41,1,0,4,0
2013-04-27T17:58:42,1,0,4,0
2013-04-27T17:58:43,1,0,4,0
2013-04-27T17:58:44,1,0,4,0
2013-04-27T17:58:45,1,0,4,0
2013-04-27T17:58:46,1,0,4,0
2013-04-27T17:58:47,1,0,4,0
2013-04-27T17:58:48,1,0,4,2
2013-04-27T17:58:49,1,0,4,2
2013-04-27T17:58:50,1,0,4,2
2013-04-27T17:58:51,1,0,4,2
2013-04-27T17:58:52,1,0,4,1
2013-04-27T17:58:53,1,0,4,2
2013-04-27T17:58:54,1,0,4,2
2013-04-27T17:58:55,1,0,4,2
2013-04-27T17:58:56,1,0,4,2
2013-04-27T17:58:57,1,0,4,2
2013-04-27T17:58:58,1,0,6,2
2013-04-27T17:58:59,1,0,6,3
2013-04-27T17:59:00,1,0,6,0
2013-04-27T17:59:01,1,0,6,0
2013-04-27T17:59:02,1,0,6,4
2013-04-27T17:59:03,1,0,6,4
2013-04-27T17:59:04,1,0,6,4
2013-04-27T17:59:05,1,0,6,4
2013-04-27T17:59:06,1,0,4,6
2013-04-27T17:59:07,1,0,4,6
2013-04-27T17:59:08,1,0,4,4
2013-04-27T17:59:09,1,0,3,4
2013-04-27T17:59:10,1,0,3,4
2013-04-27T17:59:11,1,0,2,3
2013-04-27T17:59:12,1,0,0,1
2013-04-27T17:59:13,1,0,0,1
2013-04-27T17:59:14,1,0,3,1
2013-04-27T17:59:15,1,0,3,1
2013-04-27T17:59:16,1,0,3,2
2013-04-27T17:59:17,1,0,4,2
2013-04-27T17:59:18,1,0,4,2
2013-04-27T17:59:19,1,0,7,0
2013-04-27T17:59:20,1,0,7,0
2013-04-27T17:59:21,2,0,7,0
2013-04-27T17:59:22,2,0,7,0
2013-04-27T17:59:23,2,0,7,0
2013-04-27T17:59:24,2,0,7,0
2013-04-27T17:59:25,2,0,7,0
2013-04-27T17:59:26,2,0,7,0
2013-04-27T17:59:27,2,0,7,0
2013-04-27T17:59:28,2,0,7,0
2013-04-27T17:59:29,2,0,7,0
2013-04-27T17:59:30,2,0,4,0
2013-04-27T17:59:31,2,0,6,0
2013-04-27T17:59:32,2,0,6,0
2013-04-27T17:59:33,2,0,6,0
2013-04-27T17:59:34,2,0,6,0
2013-04-27T17:59:35,2,0,7,0
2013-04-27T17:59:36,2,0,7,0
2013-04-27T17:59:37,2,0,7,0
2013-04-27T17:59:38,2,0,7,0
2013-04-27T17:59:39,2,0,7,0
2013-04-27T17:59:40,2,0,7,0
2013-04-27T17:59:41,2,0,8,0
2013-04-27T17:59:42,2,0,8,0
2013-04-27T17:59:43,2,0,0,0
2013-04-27T17:59:44,2,0,0,0
2013-04-27T17:59:45,2,0,0,0
2013-04-27T17:59:46,2,0,0,0
2013-04-27T17:59:47,2,0,0,0
2013-04-27T17:59:48,2,0,0,0
2013-04-27T17:59:49,2,0,0,0
2013-04-27T17:59:50,2,0,2,0
2013-04-27T17:59:51,2,0,2,0
2013-04-27T17:59:52,2,0,2,0
2013-04-27T17:59:53,2,0,2,2
2013-04-27T17:59:54,2,0,2,2
2013-04-27T17:59:55,2,0,2,2
2013-04-27T17:59:56,2,0,2,2
2013-04-27T17:59:57,2,0,2,2
2013-04-27T17:59:58,2,0,2,2
2013-04-27T17:59:59,2,0,2,1
2013-04-27T18:00:00,2,0,2,1
2013-04-27T18:00:01,2,0,2,1
2013-04-27T18:00:02,2,0,2,1
2013-04-27T18:00:03,2,0,2,1
2013-04-27T18:00:04,2,0,2,1
2013-04-27T18:00:05,2,0,2,1
2013-04-27T18:00:06,2,0,2,2
2013-04-27T18:00:07,2,0,2,2
2013-04-27T18:00:08,2,0,2,2
2013-04-27T18:00:09,2,0,2,2
2013-04-27T18:00:10,2,0,2,2
2013-04-27T18:00:11,2,0,2,2
2013-04-27T18:00:12,2,0,0,2
2013-04-27T18:00:13,2,0,0,0
2013-04-27T18:00:14,2,0,0,0
2013-04-27T18:00:15,2,0,0,0
2013-04-27T18:00:16,2,2,0,0
2013-04-27T18:00:17,2,2,0,0
2013-04-27T18:00:18,2,1,0,0
2013-04-27T18:00:19,2,1,3,0
2013-04-27T18:00:20,2,1,4,0
2013-04-27T18:00:21,2,2,4,0
2013-04-27T18:00:22,2,2,4,0
2013-04-27T18:00:23,2,2,4,0
2013-04-27T18:00:24,2,2,6,0
2013-04-27T18:00:25,2,0,6,0
2013-04-27T18:00:26,2,0,6,0
2013-04-27T18:00:27,2,0,6,0
2013-04-27T18:00:28,2,0,4,0
2013-04-27T18:00:29,2,0,4,0
2013-04-27T18:00:30,2,0,4,2
2013-04-27T18:00:31,2,0,4,2
2013-04-27T18:00:32,2,0,4,2
2013-04-27T18:00:33,2,0,4,2
2013-04-27T18:00:34,2,0,4,2
2013-04-27T18:00:35,8,0,4,2
2013-04-27T18:00:36,8,0,4,2
2013-04-27T18:00:37,8,0,4,2
2013-04-27T18:00:38,8,0,4,2
2013-04-27T18:00:39,8,0,4,2
2013-04-27T18:00:40,8,0,4,2
2013-04-27T18:00:41,8,0,4,0
2013-04-27T18:00:42,0,0,4,0
2013-04-27T18:00:43,0,0,4,0
2013-04-27T18:00:44,0,0,4,0
2013-04-27T18:00:45,0,0,4,0
2013-04-27T18:00:46,0,0,6,0
2013-04-27T18:00:47,0,0,4,0
2013-04-27T18:00:48,0,0,4,0
2013-04-27T18:00:49,0,0,4,0
2013-04-27T18:00:50,0,0,4,2
2013-04-27T18:00:51,0,0,4,4
2013-04-27T18:00:52,0,0,4,4
2013-04-27T18:00:53,2,2,4,4
2013-04-27T18:00:54,0,2,4,4
2013-04-27T18:00:55,0,0,4,4
2013-04-27T18:00:56,0,4,4,4
2013-04-27T18:00:57,0,4,4,6
2013-04-27T18:00:58,0,4,4,6
2013-04-27T18:00:59,0,4,4,4
2013-04-27T18:01:00,0,4,4,4
2013-04-27T18:01:01,0,4,4,6
2013-04-27T18:01:02,0,4,4,6
2013-04-27T18:01:03,0,4,4,7
2013-04-27T18:01:04,0,4,4,7
2013-04-27T18:01:05,0,4,7,4
2013-04-27T18:01:06,0,4,7,4
2013-04-27T18:01:07,0,4,7,4
2013-04-27T18:01:08,0,4,7,4
2013-04-27T18:01:09,0,4,7,4
2013-04-27T18:01:10,0,4,4,3
2013-04-27T18:01:11,0,4,4,3
2013-04-27T18:01:12,0,4,4,3
2013-04-27T18:01:13,0,4,4,3
2013-04-27T18:01:14,0,3,4,3
2013-04-27T18:01:15,0,0,4,3
2013-04-27T18:01:16,0,0,4,3
2013-04-27T18:01:17,0,0,4,3
2013-04-27T18:01:18,0,0,4,3
2013-04-27T18:01:19,0,0,4,3
2013-04-27T18:01:20,0,0,4,3
2013-04-27T18:01:21,0,0,4,3
2013-04-27T18:01:22,4,0,3,3
2013-04-27T18:01:23,3,0,4,3
2013-04-27T18:01:24,3,0,4,3
2013-04-27T18:01:25,3,3,4,3
2013-04-27T18:01:26,3,4,4,3
2013-04-27T18:01:27,3,4,4,3
2013-04-27T18:01:28,4,4,4,3
2013-04-27T18:01:29,4,4,4,3
2013-04-27T18:01:30,7,4,4,3
2013-04-27T18:01:31,7,4,4,3
2013-04-27T18:01:32,7,4,4,3
2013-04-27T18:01:33,4,4,4,4
2013-04-27T18:01:34,4,4,4,4
2013-04-27T18:01:35,0,4,4,4
2013-04-27T18:01:36,0,4,4,4
2013-04-27T18:01:37,0,4,4,4
2013-04-27T18:01:38,0,4,4,3
2013-04-27T18:01:39,2,4,4,3
2013-04-27T18:01:40,3,4,4,3
2013-04-27T18:01:41,3,0,4,3
2013-04-27T18:01:42,3,0,4,3
2013-04-27T18:01:43,3,0,4,3
2013-04-27T18:01:44,3,0,4,3
2013-04-27T18:01:45,4,0,4,3
2013-04-27T18:01:46,2,0,4,3
2013-04-27T18:01:47,2,0,4,3
2013-04-27T18:01:48,2,0,4,3
2013-04-27T18:01:49,2,0,4,3
2013-04-27T18:01:50,2,8,4,4
2013-04-27T18:01:51,2,7,4,4
2013-04-27T18:01:52,2,7,4,4
2013-04-27T18:01:53,0,7,4,4
2013-04-27T18:01:54,0,7,4,3
2013-04-27T18:01:55,0,3,4,3
2013-04-27T18:01:56,0,1,4,3
2013-04-27T18:01:57,0,2,0,3
2013-04-27T18:01:58,2,2,0,3
2013-04-27T18:01:59,3,2,0,3
2013-04-27T18:02:00,3,2,0,3
2013-04-27T18:02:01,3,2,0,4
2013-04-27T18:02:02,3,2,0,3
2013-04-27T18:02:03,3,2,0,3
2013-04-27T18:02:04,2,2,0,4
2013-04-27T18:02:05,3,2,0,4
2013-04-27T18:02:06,3,2,0,3
2013-04-27T18:02:07,3,2,0,4
2013-04-27T18:02:08,3,2,0,4
2013-04-27T18:02:09,3,2,0,3
2013-04-27T18:02:10,3,2,0,3
2013-04-27T18:02:11,3,2,0,3
2013-04-27T18:02:12,0,2,0,3
2013-04-27T18:02:13,0,2,0,3
2013-04-27T18:02:14,0,2,0,3
2013-04-27T18:02:15,0,2,0,3
2013-04-27T18:02:16,0,0,0,4
2013-04-27T18:02:17,0,0,0,4
2013-04-27T18:02:18,0,0,0,4
2013-04-27T18:02:19,0,0,0,3
2013-04-27T18:02:20,0,0,0,1
2013-04-27T18:02:21,0,0,0,1
2013-04-27T18:02:22,0,0,0,1
2013-04-27T18:02:23,0,0,0,1
2013-04-27T18:02:24,0,0,2,1
2013-04-27T18:02:25,0,0,2,1
2013-04-27T18:02:26,0,0,2,1
2013-04-27T18:02:27,0,0,2,1
2013-04-27T18:02:28,0,0,2,1
2013-04-27T18:02:29,0,0,2,1
2013-04-27T18:02:30,0,0,2,1
2013-04-27T18:02:31,0,0,0,2
2013-04-27T18:02:32,0,0,0,1
2013-04-27T18:02:33,0,0,0,1
2013-04-27T18:02:34,0,0,0,1
2013-04-27T18:02:35,0,0,0,1
2013-04-27T18:02:36,0,0,0,3
2013-04-27T18:02:37,0,0,0,3
2013-04-27T18:02:38,0,0,0,3
2013-04-27T18:02:39,0,0,0,3
2013-04-27T18:02:40,0,0,0,3
2013-04-27T18:02:41,0,0,0,3
2013-04-27T18:02:42,0,0,0,3
2013-04-27T18:02:43,0,0,0,3
2013-04-27T18:02:44,0,0,0,3
2013-04-27T18:02:45,0,0,0,3
2013-04-27T18:02:46,0,0,0,3
2013-04-27T18:02:47,0,0,0,3
2013-04-27T18:02:48,0,0,0,3
2013-04-27T18:02:49,0,0,0,3
2013-04-27T18:02:50,0,0,0,3
2013-04-27T18:02:51,0,0,0,3
2013-04-27T18:02:52,0,0,0,4
2013-04-27T18:02:53,0,0,0,3
2013-04-27T18:02:54,0,0,0,3
2013-04-27T18:02:55,0,0,0,3
2013-04-27T18:02:56,0,0,3,3
2013-04-27T18:02:57,0,0,0,3
2013-04-27T18:02:58,0,0,4,3
2013-04-27T18:02:59,0,0,4,3
2013-04-27T18:03:00,0,0,4,3
2013-04-27T18:03:01,0,0,4,3
2013-04-27T18:03:02,0,0,6,3
2013-04-27T18:03:03,0,0,4,3
2013-04-27T18:03:04,0,0,4,3
2013-04-27T18:03:05,0,0,4,3
2013-04-27T18:03:06,0,0,4,3
2013-04-27T18:03:07,0,0,4,4
2013-04-27T18:03:08,0,0,4,3
2013-04-27T18:03:09,0,0,4,3
2013-04-27T18:03:10,0,0,4,3
2013-04-27T18:03:11,0,0,4,4
2013-04-27T18:03:12,0,0,4,4
2013-04-27T18:03:13,0,0,4,4
2013-04-27T18:03:14,0,0,4,4
2013-04-27T18:03:15,0,0,4,3
2013-04-27T18:03:16,0,0,4,3
2013-04-27T18:03:17,0,0,6,4
2013-04-27T18:03:18,0,0,6,4
2013-04-27T18:03:19,0,0,6,4
2013-04-27T18:03:20,0,0,7,4
2013-04-27T18:03:21,0,0,7,4
2013-04-27T18:03:22,0,0,7,4
2013-04-27T18:03:23,0,0,8,4
2013-04-27T18:03:24,0,0,0,4
2013-04-27T18:03:25,0,0,0,4
2013-04-27T18:03:26,0,0,0,4
2013-04-27T18:03:27,0,0,0,4
2013-04-27T18:03:28,0,0,0,4
2013-04-27T18:03:29,0,0,0,4
2013-04-27T18:03:30,0,0,0,4
2013-04-27T18:03:31,0,0,0,4
2013-04-27T18:03:32,0,0,0,4
2013-04-27T18:03:33,0,0,0,3
2013-04-27T18:03:34,0,0,0,3
2013-04-27T18:03:35,0,0,0,3
2013-04-27T18:03:36,0,0,0,0
2013-04-27T18:03:37,0,0,0,0
2013-04-27T18:03:38,0,0,0,0
2013-04-27T18:03:39,0,0,0,0
2013-04-27T18:03:40,0,0,0,0
2013-04-27T18:03:41,0,0,0,0
2013-04-27T18:03:42,0,0,0,0
